{"name": ["제주공항본점공항뚝배기", "닥그네할망", "팔각촌", "시청그때그집", "고집돌우럭제주공항점", "연탄과친한돼지", "돈이랑", "램스키친", "서프로와", "제주정지"], "address": ["제주특별자치도 제주시 연삼로 31 (연동)", "제주특별자치도 제주시 신성로10길 18 (도남동(1층))", "제주특별자치도 제주시 천수로 42 (이도이동)", "제주특별자치도 제주시 동광로1길 11 (이도일동)", "제주특별자치도 제주시 임항로 30 (건입동)", "제주특별자치도 제주시 원노형로 61 1층 (노형동)", "제주특별자치도 제주시 청귤로1길 9 1층 (이도이동)", "제주특별자치도 제주시 국기로 35 3층 (연동)", "제주특별자치도 제주시 테우해안로 132 지하1층 (이호일동)", "제주특별자치도 제주시 서해안로 480 1층 (용담삼동)"], "OMscore": [4.892452939106665, 4.88175165432383, 4.874086348515597, 4.851201008093744, 4.8507006532603985, 4.838382633883963, 4.837131993789247, 4.826556050780789, 4.822987718565896, 4.8181608712751425], "Latitude": [33.49387, 33.49528, 33.5031021, 33.501931, 33.51626, 33.483166, 33.50013, 33.4787871, 33.49776, 33.51893], "Longtitude": [126.4959, 126.53, 126.541536, 126.5289562, 126.5281, 126.4851235, 126.5368, 126.4903725, 126.448, 126.4904], "upjong": ["식육(숯불구이)", "식육(숯불구이)", "식육(숯불구이)", "한식", "한식", "식육(숯불구이)", "한식", "한식", "기타", "한식"]}